cand_id,bioguide_id,match_method,confidence
H0AL01055,C001054,authoritative,high
H0AL02087,R000591,authoritative,high
H0AL05049,C000868,authoritative,high
H0AL05163,B001274,authoritative,high
H0AL07060,D000602,authoritative,high
H0AL07086,S001185,authoritative,high
H0AR01083,C001087,authoritative,high
H0AR02107,G000567,authoritative,high
H0AR03055,W000809,authoritative,high
H0AR04038,R000573,authoritative,high
H0AS00018,F000010,authoritative,high
H0AZ01184,F000444,authoritative,high
H0AZ01259,G000565,authoritative,high
H0AZ03362,Q000024,authoritative,high
H0CA03078,B001287,authoritative,high
H0CA08135,O000019,authoritative,high
H0CA10073,D000623,authoritative,high
H0CA10149,G000559,authoritative,high
H0CA11022,L000090,authoritative,high
H0CA14042,D000429,authoritative,high
H0CA15031,C000670,authoritative,high
H0CA15148,H001034,authoritative,high
H0CA17045,D000424,authoritative,high
H0CA19173,D000612,authoritative,high
H0CA25105,G000061,authoritative,high
H0CA27085,S001150,authoritative,high
H0CA31087,S001153,authoritative,high
H0CA32101,C001080,authoritative,high
H0CA33117,B001270,authoritative,high
H0CA45012,C000994,authoritative,high
H0CA48024,I000056,authoritative,high
H0CA48198,S001135,authoritative,high
H0CA49055,D000598,authoritative,high
H0CO03165,B000825,authoritative,high
H0CO04122,G000562,authoritative,high
H0CT02017,G000120,authoritative,high
H0CT03072,D000216,authoritative,high
H0DC00058,N000147,authoritative,high
H0DE01017,C001083,authoritative,high
H0FL02086,L000586,authoritative,high
H0FL02110,S001186,authoritative,high
H0FL03175,C001039,authoritative,high
H0FL04066,C001045,authoritative,high
H0FL05014,M000350,authoritative,high
H0FL05139,N000185,authoritative,high
H0FL08042,K000361,authoritative,high
H0FL08208,W000806,authoritative,high
H0FL12010,S000303,authoritative,high
H0FL12051,P000586,authoritative,high
H0FL12101,R000593,authoritative,high
H0FL13158,L000596,authoritative,high
H0FL15104,F000472,authoritative,high
H0FL17068,W000808,authoritative,high
H0FL18025,R000435,authoritative,high
H0FL19080,D000610,authoritative,high
H0FL24049,A000366,authoritative,high
H0FL25038,R000590,authoritative,high
H0FL26036,G000593,authoritative,high
H0GA03017,B001262,authoritative,high
H0GA04023,L000321,authoritative,high
H0GA05301,W000788,authoritative,high
H0GA05327,H001092,authoritative,high
H0GA06192,G000596,authoritative,high
H0GA07125,H001071,authoritative,high
H0GA07133,W000810,authoritative,high
H0GA07273,M001218,authoritative,high
H0GA08032,M001146,authoritative,high
H0GA08099,S001189,authoritative,high
H0GA09030,G000560,authoritative,high
H0GA09246,C001116,authoritative,high
H0GU01035,U000014,authoritative,high
H0HI01157,D000611,authoritative,high
H0HI02155,K000396,authoritative,high
H0IA01174,H001091,authoritative,high
H0IA02040,N000172,authoritative,high
H0IA04145,F000446,authoritative,high
H0ID01253,L000573,authoritative,high
H0IL05096,Q000023,authoritative,high
H0IL08090,W000811,authoritative,high
H0IL10120,K000360,authoritative,high
H0IL10302,D000613,authoritative,high
H0IL11052,K000378,authoritative,high
H0IL14080,H001059,authoritative,high
H0IL15053,J000285,authoritative,high
H0IL15129,M001211,authoritative,high
H0IL16085,M001138,authoritative,high
H0IL17059,S001182,authoritative,high
H0IN01150,M001214,authoritative,high
H0IN02125,M001189,authoritative,high
H0IN02190,W000813,authoritative,high
H0IN03065,R000385,authoritative,high
H0IN03198,S001188,authoritative,high
H0IN04170,R000592,authoritative,high
H0IN05094,M001189,authoritative_unverified,medium
H0IN05326,S000929,authoritative,high
H0IN08114,B001275,authoritative,high
H0IN09070,Y000064,authoritative,high
H0KS01016,R000307,authoritative,high
H0KS01123,M000871,authoritative,high
H0KS02188,L000266,authoritative,high
H0KS03137,Y000063,authoritative,high
H0KS04051,P000602,authoritative,high
H0KY05015,R000395,authoritative,high
H0KY06104,B001282,authoritative,high
H0LA01079,V000127,authoritative,high
H0LA01087,S001176,authoritative,high
H0LA02119,J000070,authoritative,high
H0LA03018,T000058,authoritative,high
H0LA03141,L000574,authoritative,high
H0MA04036,F000339,authoritative,high
H0MA04192,A000148,authoritative,high
H0MA10082,K000375,authoritative,high
H0MD07114,M000687,authoritative_unverified,medium
H0MD08021,M000941,authoritative,high
H0MI01088,B001271,authoritative,high
H0MI02094,H001058,authoritative,high
H0MI03126,A000367,authoritative,high
H0MI03308,M001186,authoritative,high
H0MI03316,S001221,authoritative,high
H0MI08042,R000572,authoritative,high
H0MI10071,C000071,authoritative,high
H0MI10287,M001136,authoritative,high
H0MI13398,C001085,authoritative,high
H0MN00013,R000033,authoritative,high
H0MN01045,H001088,authoritative,high
H0MN04049,M001143,authoritative,high
H0MN07091,F000470,authoritative,high
H0MN08115,C001086,authoritative,high
H0MO00019,C001060,authoritative,high
H0MO01066,C001049,authoritative,high
H0MO02148,A000358,authoritative,high
H0MO04086,H001053,authoritative,high
H0MO06073,G000546,authoritative,high
H0MO07113,L000576,authoritative,high
H0MS01043,N000186,authoritative,high
H0MS04120,P000601,authoritative,high
H0MT00033,R000571,authoritative,high
H0NC02059,E000291,authoritative,high
H0NC02125,R000305,authoritative,high
H0NC03172,M001210,authoritative,high
H0NC09187,B001311,authoritative,high
H0NC11233,C001104,authoritative,high
H0ND00135,B001272,authoritative,high
H0ND01026,C001096,authoritative,high
H0NE03035,B000179,authoritative,high
H0NH01019,S000606,authoritative,high
H0NH01217,G000570,authoritative,high
H0NH02017,B000220,authoritative,high
H0NH02181,K000382,authoritative,high
H0NJ01066,A000210,authoritative,high
H0NJ03153,R000594,authoritative,high
H0NJ07261,K000398,authoritative,high
H0NJ10026,P000149,authoritative,high
H0NM02039,S000463,authoritative,high
H0NM03102,L000273,authoritative,high
H0NV01078,P000589,authoritative,high
H0NV03058,H001055,authoritative,high
H0NY02085,I000057,authoritative,high
H0NY02234,G000597,authoritative,high
H0NY03083,S001222,authoritative,high
H0NY09072,T000471,authoritative,high
H0NY11078,M000317,authoritative,high
H0NY13074,G000569,authoritative,high
H0NY15160,T000486,authoritative,high
H0NY16010,S000148,authoritative,high
H0NY16143,B001223,authoritative,high
H0NY17174,J000306,authoritative,high
H0NY18065,S000248,authoritative,high
H0NY19139,H001054,authoritative,high
H0NY20079,M001178,authoritative,high
H0NY20095,G000564,authoritative,high
H0NY23081,O000169,authoritative,high
H0NY25078,B001276,authoritative,high
H0NY27090,J000020,authoritative,high
H0NY29054,R000585,authoritative,high
H0OH06189,J000292,authoritative,high
H0OH07021,H000666,authoritative,high
H0OH08029,B000589,authoritative,high
H0OH12062,T000462,authoritative,high
H0OH16097,R000586,authoritative,high
H0OH18077,G000563,authoritative,high
H0OK05114,L000575,authoritative,high
H0OK05205,B000740,authoritative,high
H0OR02127,B000668,authoritative,high
H0OR03026,W000779,authoritative,high
H0PA03271,K000376,authoritative,high
H0PA04220,R000598,authoritative,high
H0PA06076,C001106,authoritative,high
H0PA07082,M001181,authoritative,high
H0PA10078,M001179,authoritative,high
H0PA11050,K000008,authoritative,high
H0PA12132,C001081,authoritative,high
H0PA12181,K000395,authoritative,high
H0PA14039,C000846,authoritative,high
H0PA18030,S000059,authoritative,high
H0PA19053,P000585,authoritative,high
H0RI01073,C001084,authoritative,high
H0RI02071,R000122,authoritative,high
H0RI02139,L000559,authoritative,high
H0SC01071,B001235,authoritative,high
H0SC01279,S001184,authoritative,high
H0SC01394,M000194,authoritative,high
H0SC03077,D000615,authoritative,high
H0SC04257,G000566,authoritative,high
H0SC05031,M001182,authoritative,high
H0SD00054,N000184,authoritative,high
H0TN01118,H001086,authoritative,high
H0TN03254,F000459,authoritative,high
H0TN04195,D000616,authoritative,high
H0TN06257,B001273,authoritative,high
H0TN08246,F000458,authoritative,high
H0TX04037,H000067,authoritative,high
H0TX04219,F000246,authoritative,high
H0TX07055,C001048,authoritative,high
H0TX07170,H001095,authoritative,high
H0TX09077,S000937,authoritative,high
H0TX11230,P000048,authoritative,high
H0TX13228,J000304,authoritative,high
H0TX15124,D000594,authoritative,high
H0TX17104,F000461,authoritative,high
H0TX22302,N000026,authoritative,high
H0TX23086,H001073,authoritative,high
H0TX24209,V000134,authoritative,high
H0TX27061,F000460,authoritative,high
H0TX35015,G000594,authoritative,high
H0UT01015,H000172,authoritative,high
H0UT01205,M001213,authoritative,high
H0UT02096,M001142,authoritative,high
H0UT04076,O000086,authoritative,high
H0VA01052,D000597,authoritative,high
H0VA02084,R000589,authoritative,high
H0VA02118,T000477,authoritative,high
H0VA03025,B000556,authoritative,high
H0VA05095,H001060,authoritative,high
H0VA05160,G000595,authoritative,high
H0VA07042,C001046,authoritative,high
H0VA07133,M001239,authoritative,high
H0VA08040,M000933,authoritative,high
H0VA09055,G000568,authoritative,high
H0WA02080,L000560,authoritative,high
H0WA03161,H001064,authoritative,high
H0WA03187,H001056,authoritative,high
H0WA08046,D000617,authoritative,high
H0WA10034,S001159,authoritative,high
H0WI03175,V000135,authoritative,high
H0WI05113,F000471,authoritative,high
H0WI06061,P000265,authoritative,high
H0WI07051,D000614,authoritative,high
H0WI07101,T000165,authoritative,high
H0WI08075,R000587,authoritative,high
H0WV01072,M001180,authoritative,high
H0WV02138,C001047,authoritative,high
H1NV02017,A000369,authoritative_unverified,medium
H2AK01083,B001323,authoritative,high
H2AK01158,P000619,authoritative,high
H2AL01077,B001244,authoritative,high
H2AL02067,E000268,authoritative,high
H2AL03032,R000575,authoritative,high
H2AL05102,S001220,authoritative,high
H2AL06035,B000013,authoritative,high
H2AL07041,H000621,authoritative,high
H2AR01022,L000035,authoritative,high
H2AR03069,H001015,authoritative,high
H2AR03176,B001236,authoritative,high
H2AR04067,D000312,authoritative,high
H2AR04083,C001095,authoritative,high
H2AZ01172,R000574,authoritative,high
H2AZ01354,C001132,authoritative,high
H2AZ02014,K000306,authoritative,high
H2AZ02055,P000099,authoritative,high
H2AZ02360,C001133,authoritative,high
H2AZ06130,S000018,authoritative_unverified,medium
H2AZ07070,G000551,authoritative,high
H2AZ08094,B001279,authoritative,high
H2AZ08102,M001197,authoritative,high
H2AZ09019,S001191,authoritative,high
H2CA00104,L000579,authoritative,high
H2CA00120,B001285,authoritative,high
H2CA01045,W000738,authoritative,high
H2CA01144,L000578,authoritative_unverified,medium
H2CA02142,L000578,authoritative,high
H2CA03157,K000401,authoritative,high
H2CA06028,B000711,authoritative,high
H2CA06259,H001068,authoritative,high
H2CA08164,C001094,authoritative,high
H2CA11051,P000419,authoritative,high
H2CA13115,G000605,authoritative,high
H2CA13131,D000633,authoritative,high
H2CA14162,M001225,authoritative,high
H2CA15094,S001193,authoritative,high
H2CA18056,C001050,authoritative,high
H2CA19054,R000004,authoritative,high
H2CA20094,V000129,authoritative,high
H2CA22231,C001128,authoritative,high
H2CA25036,M000508,authoritative,high
H2CA26026,B000410,authoritative,high
H2CA27107,H000213,authoritative,high
H2CA28113,C001097,authoritative,high
H2CA30028,M000206,authoritative,high
H2CA30143,B000287,authoritative,high
H2CA31125,A000371,authoritative,high
H2CA32099,W000794,authoritative,high
H2CA33048,R000486,authoritative,high
H2CA35118,N000187,authoritative,high
H2CA36439,R000599,authoritative,high
H2CA37023,C000059,authoritative,high
H2CA37304,K000400,authoritative,high
H2CA39078,S001156,authoritative,high
H2CA42023,H000981,authoritative,high
H2CA43047,P000005,authoritative,high
H2CA43245,T000472,authoritative,high
H2CA47113,K000357,authoritative,high
H2CA47188,G000598,authoritative,high
H2CA50026,V000130,authoritative,high
H2CA50034,F000116,authoritative,high
H2CA52089,P000608,authoritative,high
H2CO00019,C001077,authoritative,high
H2CO03054,M000477,authoritative,high
H2CO04045,M001152,authoritative,high
H2CO08020,C001134,authoritative,high
H2CT02112,C001069,authoritative,high
H2CT05131,E000293,authoritative,high
H2CT06014,J000163,authoritative,high
H2DE00072,C000243,authoritative,high
H2FL00045,C000107,authoritative,high
H2FL00250,F000447,authoritative,high
H2FL00292,D000621,authoritative,high
H2FL01100,M001144,authoritative,high
H2FL03056,B000911,authoritative,high
H2FL04070,F000328,authoritative,high
H2FL04211,B001314,authoritative,high
H2FL05127,B001247,authoritative,high
H2FL06067,T000253,authoritative,high
H2FL06109,Y000065,authoritative,high
H2FL07156,M001216,authoritative,high
H2FL08055,M000689,authoritative,high
H2FL08063,D000627,authoritative,high
H2FL09012,B000463,authoritative,high
H2FL10051,M000019,authoritative,high
H2FL10119,M000720,authoritative,high
H2FL10259,F000476,authoritative,high
H2FL14053,F000462,authoritative,high
H2FL14186,D000032,authoritative,high
H2FL14194,R000596,authoritative,high
H2FL15241,L000597,authoritative,high
H2FL16041,D000275,authoritative,high
H2FL17023,M000628,authoritative,high
H2FL17056,M001148,authoritative,high
H2FL19037,D000299,authoritative,high
H2FL22072,M001191,authoritative,high
H2FL22080,F000462,authoritative_unverified,medium
H2FL22171,M001217,authoritative,high
H2FL23021,H000324,authoritative,high
H2FL25018,D000600,authoritative,high
H2FL26057,G000573,authoritative_unverified,medium
H2GA01157,K000220,authoritative,high
H2GA02031,B000490,authoritative,high
H2GA03070,C000640,authoritative,high
H2GA08038,C000286,authoritative,high
H2GA09036,D000168,authoritative,high
H2GA09150,C001093,authoritative,high
H2GA11016,M000523,authoritative,high
H2GA11149,G000550,authoritative,high
H2GA12121,A000372,authoritative,high
H2GA13012,S001157,authoritative,high
H2GU00025,U000014,authoritative,high
H2GU00033,B001245,authoritative,high
H2GU01031,M001219,authoritative,high
H2HI02110,H001050,authoritative,high
H2HI02128,C001055,authoritative,high
H2HI02508,G000571,authoritative,high
H2HI02581,T000487,authoritative,high
H2IA01055,B001294,authoritative,high
H2IA03119,N000193,authoritative,high
H2IA05072,K000362,authoritative,high
H2ID02034,C000880,authoritative,high
H2IL01042,R000515,authoritative,high
H2IL01349,J000309,authoritative,high
H2IL02172,K000385,authoritative,high
H2IL03162,R000617,authoritative,high
H2IL05019,L000342,authoritative,high
H2IL05092,E000287,authoritative,high
H2IL08039,G000535,authoritative,high
H2IL08088,B001253,authoritative,high
H2IL10068,S001190,authoritative,high
H2IL11124,F000454,authoritative_unverified,medium
H2IL12122,E000292,authoritative,high
H2IL13120,D000619,authoritative,high
H2IL13153,B001315,authoritative,high
H2IL15034,E000282,authoritative,high
H2IL17071,B001286,authoritative,high
H2IL17147,S001225,authoritative,high
H2IL19010,E000250,authoritative,high
H2IL20026,D000563,authoritative,high
H2IL20042,S000364,authoritative,high
H2IN02295,Y000067,authoritative,high
H2IN05025,B001203,authoritative,high
H2IN05082,B001284,authoritative,high
H2IN06023,B001149,authoritative,high
H2KY03206,M001220,authoritative,high
H2KY04071,D000603,authoritative,high
H2KY04121,M001184,authoritative,high
H2LA02149,C001125,authoritative,high
H2LA05084,A000361,authoritative,high
H2LA05126,L000595,authoritative,high
H2MA01020,O000085,authoritative,high
H2MA04073,K000379,authoritative,high
H2MA05054,M000627,authoritative,high
H2MA09072,L000562,authoritative,high
H2MA11060,D000210,authoritative,high
H2MD02160,R000576,authoritative,high
H2MD04315,I000058,authoritative,high
H2MD05155,H000874,authoritative,high
H2MD05361,W000784,authoritative,high
H2MD06054,B000208,authoritative,high
H2MD06195,D000620,authoritative,high
H2MD08126,V000128,authoritative,high
H2ME02097,M001149,authoritative,high
H2MI00037,M001147,authoritative,high
H2MI01068,S001045,authoritative,high
H2MI02066,H000676,authoritative,high
H2MI04021,S000597,authoritative,high
H2MI05051,B000134,authoritative,high
H2MI05119,K000380,authoritative,high
H2MI07123,B001321,authoritative,high
H2MI10150,J000307,authoritative,high
H2MI11042,K000288,authoritative,high
H2MI11133,B001280,authoritative,high
H2MI11190,C001089,authoritative,high
H2MI13204,T000488,authoritative,high
H2MI14111,L000581,authoritative,high
H2MI17023,L000263,authoritative,high
H2MN01223,F000475,authoritative,high
H2MN02056,M000795,authoritative,high
H2MN06073,L000521,authoritative,high
H2MN06081,G000367,authoritative,high
H2MN07014,P000258,authoritative,high
H2MN08111,N000127,authoritative,high
H2MO02037,T000024,authoritative,high
H2MO02102,W000812,authoritative,high
H2MO04207,A000379,authoritative,high
H2MO07143,B001316,authoritative,high
H2MS04258,E000235,authoritative,high
H2MT01060,D000618,authoritative,high
H2NC01065,C000494,authoritative,high
H2NC01081,J000255,authoritative,high
H2NC02287,D000230,authoritative,high
H2NC05074,B001135,authoritative,high
H2NC06114,F000477,authoritative,high
H2NC07096,R000603,authoritative,high
H2NC08185,H001067,authoritative,high
H2NC09134,P000606,authoritative,high
H2NC11080,M001187,authoritative,high
H2NC12021,W000207,authoritative,high
H2NC13029,M001154,authoritative,high
H2NC13110,H001065,authoritative,high
H2NC13243,H001101,authoritative,high
H2NC14019,N000194,authoritative,high
H2NC14050,E000246,authoritative,high
H2NC14076,J000308,authoritative,high
H2ND00057,P000422,authoritative,high
H2NE01118,F000474,authoritative,high
H2NJ02037,L000554,authoritative,high
H2NJ05014,F000372,authoritative,high
H2NJ07119,F000349,authoritative,high
H2NJ08232,M001226,authoritative,high
H2NJ09016,T000317,authoritative,high
H2NJ10154,P000604,authoritative,high
H2NJ13075,M000639,authoritative,high
H2NM01144,S001218,authoritative,high
H2NM02126,P000588,authoritative,high
H2NM02191,V000136,authoritative,high
H2NV00050,K000390,authoritative,high
H2NV02395,A000369,authoritative,high
H2NV04011,H001066,authoritative,high
H2NY00010,V000081,authoritative,high
H2NY00036,H001062,authoritative,high
H2NY01067,B001242,authoritative,high
H2NY01190,L000598,authoritative,high
H2NY02057,L000155,authoritative,high
H2NY03089,K000210,authoritative,high
H2NY04277,D000632,authoritative,high
H2NY06116,M001188,authoritative,high
H2NY10092,J000294,authoritative,high
H2NY10308,G000599,authoritative,high
H2NY11017,T000326,authoritative,high
H2NY12023,O000159,authoritative,high
H2NY13096,E000297,authoritative,high
H2NY14037,M000087,authoritative,high
H2NY17071,N000002,authoritative,high
H2NY17162,L000599,authoritative,high
H2NY19127,M001221,authoritative,high
H2NY22139,M001185,authoritative,high
H2NY22212,W000828,authoritative,high
H2NY23137,S001219,authoritative,high
H2NY23228,L000600,authoritative,high
H2NY24036,M000472,authoritative,high
H2NY25017,B000586,authoritative,high
H2NY26080,H000627,authoritative,high
H2NY30041,Q000016,authoritative,high
H2OH01194,L000601,authoritative,high
H2OH02085,W000815,authoritative,high
H2OH03067,T000463,authoritative,high
H2OH03091,T000463,authoritative_unverified,medium
H2OH03125,B001281,authoritative,high
H2OH04032,O000163,authoritative,high
H2OH07027,D000294,authoritative,high
H2OH09031,K000009,authoritative,high
H2OH11169,B001313,authoritative,high
H2OH12027,K000016,authoritative,high
H2OH13033,B000944,authoritative,high
H2OH13264,S001223,authoritative,high
H2OH14064,J000295,authoritative,high
H2OH15046,P000555,authoritative,high
H2OH15228,C001126,authoritative,high
H2OH16051,M001222,authoritative,high
H2OH17109,R000577,authoritative,high
H2OK01093,S001155,authoritative,high
H2OK01143,B001283,authoritative,high
H2OK02083,M001190,authoritative,high
H2OK02315,B001317,authoritative,high
H2OK04055,C001053,authoritative,high
H2OK05045,I000047,authoritative,high
H2OR01133,B001278,authoritative,high
H2OR04095,H001094,authoritative,high
H2OR05209,C001135,authoritative,high
H2OR06066,S001226,authoritative,high
H2PA02055,F000043,authoritative,high
H2PA04010,B000644,authoritative,high
H2PA04093,K000270,authoritative,high
H2PA04135,P000605,authoritative,high
H2PA06080,H000712,authoritative,high
H2PA06114,G000549,authoritative,high
H2PA08037,G000439,authoritative,high
H2PA09035,S001154,authoritative,high
H2PA11098,B001269,authoritative,high
H2PA17012,G000121,authoritative,high
H2PA17079,C001090,authoritative,high
H2PA17103,D000530,authoritative,high
H2PA18143,M001151,authoritative,high
H2PA18200,L000602,authoritative,high
H2PA20065,M000212,authoritative,high
H2PR00016,R000417,authoritative,high
H2RI02184,M001223,authoritative,high
H2SC02042,C000537,authoritative,high
H2SC02059,W000795,authoritative,high
H2SC03057,B001239,authoritative,high
H2SC04022,I000023,authoritative,high
H2SC05052,S000749,authoritative,high
H2SC07066,R000597,authoritative,high
H2SC07280,F000478,authoritative,high
H2SD00092,H001037,authoritative,high
H2TN03052,W000119,authoritative,high
H2TN04027,C000754,authoritative,high
H2TN05131,C000754,authoritative,high
H2TN05446,O000175,authoritative,high
H2TN06030,B001243,authoritative,high
H2TN07038,C000503,authoritative,high
H2TN07103,K000392,authoritative,high
H2TX00015,J000126,authoritative,high
H2TX01112,M001224,authoritative,high
H2TX03118,J000174,authoritative,high
H2TX03126,S000250,authoritative,high
H2TX03290,S001224,authoritative,high
H2TX05121,H001036,authoritative,high
H2TX08182,L000603,authoritative,high
H2TX14149,W000814,authoritative,high
H2TX16185,O000170,authoritative,high
H2TX23058,B000617,authoritative,high
H2TX23082,C001063,authoritative,high
H2TX23124,G000572,authoritative,high
H2TX26093,B001248,authoritative,high
H2TX27026,O000107,authoritative,high
H2TX27190,V000132,authoritative,high
H2TX29030,G000410,authoritative,high
H2TX30178,C001130,authoritative,high
H2TX31044,C001051,authoritative,high
H2TX33040,W000816,authoritative,high
H2TX33073,V000131,authoritative,high
H2TX34113,F000473,authoritative,high
H2TX35011,C001091,authoritative,high
H2TX35144,C001131,authoritative,high
H2UT01094,B001250,authoritative,high
H2UT02324,S001192,authoritative,high
H2UT04023,L000584,authoritative,high
H2VA01017,B000229,authoritative,high
H2VA02064,K000399,authoritative,high
H2VA04011,S000453,authoritative,high
H2VA04052,F000445,authoritative,high
H2VA06115,G000289,authoritative,high
H2VA07196,M001239,authoritative,high
H2VA09010,B000657,authoritative,high
H2VI00082,P000610,authoritative,high
H2VT01076,B001318,authoritative,high
H2WA01054,C000127,authoritative,high
H2WA02045,M000669,authoritative,high
H2WA03217,G000600,authoritative,high
H2WA04041,H000329,authoritative,high
H2WA04090,I000026,authoritative,high
H2WA06129,K000381,authoritative,high
H2WA08075,D000549,authoritative,high
H2WI02124,P000607,authoritative,high
H2WI05150,B000177,authoritative,high
H2WV01029,M000844,authoritative,high
H2WV03025,W000654,authoritative,high
H2WY00166,H001096,authoritative,high
H3TX19021,C001062,authoritative_unverified,medium
H4AL01032,C000052,authoritative,high
H4AL01123,B001289,authoritative,high
H4AL02170,F000481,authoritative,high
H4AL06098,P000609,authoritative,high
H4AR02141,H001072,authoritative,high
H4AR04048,W000821,authoritative,high
H4AS00036,R000600,authoritative,high
H4AZ01038,S000018,authoritative,high
H4AZ03109,A000381,authoritative,high
H4AZ04016,S000275,authoritative,high
H4AZ04024,F000448,authoritative,high
H4AZ06045,S001183,authoritative,high
H4AZ06052,H000413,authoritative,high
H4AZ07043,G000574,authoritative,high
H4AZ08108,H001098,authoritative,high
H4CA11081,M001166,authoritative,high
H4CA12055,K000389,authoritative,high
H4CA12154,S001231,authoritative,high
H4CA16049,L000397,authoritative,high
H4CA16197,L000607,authoritative,high
H4CA17021,F000030,authoritative,high
H4CA20082,C001059,authoritative,high
H4CA20181,F000480,authoritative,high
H4CA23011,W000187,authoritative,high
H4CA25123,K000387,authoritative,high
H4CA27111,W000830,authoritative,high
H4CA29141,R000620,authoritative,high
H4CA30149,F000483,authoritative,high
H4CA31170,C001123,authoritative,high
H4CA33119,L000582,authoritative,high
H4CA35031,T000474,authoritative,high
H4CA45097,W000820,authoritative,high
H4CA45170,T000491,authoritative,high
H4CA47085,M001241,authoritative,high
H4CA49032,B000461,authoritative,high
H4CO03167,S001158,authoritative,high
H4CO03357,H001100,authoritative,high
H4CO04090,B001297,authoritative,high
H4CO04348,L000604,authoritative,high
H4CO08034,E000300,authoritative,high
H4CT05053,M000090,authoritative,high
H4DE00045,M001238,authoritative,high
H4FL01056,S000106,authoritative,high
H4FL02062,G000575,authoritative,high
H4FL08168,H001099,authoritative,high
H4FL13101,J000296,authoritative,high
H4FL14059,M001155,authoritative,high
H4FL15114,W000267,authoritative,high
H4FL16021,F000238,authoritative,high
H4FL19074,C001102,authoritative,high
H4FL20023,W000797,authoritative,high
H4FL26038,C001107,authoritative,high
H4GA01039,C001103,authoritative,high
H4GA03126,J000311,authoritative,high
H4GA06087,P000591,authoritative,high
H4GA08067,W000796,authoritative,high
H4GA10022,N000159,authoritative,high
H4GA10071,C001129,authoritative,high
H4GA11053,B000169,authoritative,high
H4GA11061,L000583,authoritative,high
H4GA12010,B001252,authoritative,high
H4HI01134,T000473,authoritative,high
H4IA03115,Y000066,authoritative,high
H4IA04048,G000041,authoritative,high
H4IA05102,L000111,authoritative,high
H4ID01032,C000345,authoritative,high
H4IL03077,L000563,authoritative,high
H4IL05031,B000518,authoritative,high
H4IL07037,D000096,authoritative,high
H4IL08043,F000442,authoritative,high
H4IL11096,W000273,authoritative,high
H4IL12060,B001295,authoritative,high
H4IL18059,L000552,authoritative,high
H4IN01012,V000108,authoritative,high
H4IN02051,M000481,authoritative,high
H4IN02101,D000607,authoritative,high
H4IN04099,S001143,authoritative,high
H4IN06185,S001229,authoritative,high
H4IN08108,H000807,authoritative,high
H4IN08249,M001233,authoritative,high
H4IN08264,H000807,authoritative,high
H4KS02107,B001258,authoritative,high
H4KS02164,S001228,authoritative,high
H4KS04087,T000260,authoritative,high
H4KY01040,W000413,authoritative,high
H4KY02030,L000293,authoritative,high
H4KY06072,C001058,authoritative,high
H4LA00016,J000287,authoritative,high
H4LA03028,M001161,authoritative,high
H4LA05130,M001192,authoritative,high
H4LA05221,A000374,authoritative,high
H4LA06153,G000577,authoritative,high
H4LA06211,F000110,authoritative,high
H4LA07029,B001255,authoritative,high
H4MA03022,M000312,authoritative,high
H4MA05084,C001101,authoritative,high
H4MA06033,T000266,authoritative,high
H4MA06090,M001196,authoritative,high
H4MD02059,E000093,authoritative,high
H4MD02232,O000176,authoritative,high
H4MD03156,E000301,authoritative,high
H4MD06340,M001232,authoritative,high
H4ME02093,B000081,authoritative,high
H4ME02234,P000611,authoritative,high
H4MI03045,E000092,authoritative,high
H4MI04118,M001201,authoritative,high
H4MI04126,M001194,authoritative,high
H4MI07103,W000798,authoritative,high
H4MI08135,B001293,authoritative,high
H4MI08218,M001237,authoritative,high
H4MI11097,T000475,authoritative,high
H4MI12079,D000624,authoritative,high
H4MI13093,R000281,authoritative,high
H4MN01070,G000536,authoritative,high
H4MN03118,M001234,authoritative,high
H4MN06087,E000294,authoritative,high
H4MO01134,B001324,authoritative,high
H4MO03221,O000177,authoritative,high
H4MO05069,M000316,authoritative,high
H4MO05234,C001061,authoritative,high
H4MO08162,S001195,authoritative,high
H4MO09046,H000948,authoritative,high
H4MP01022,K000404,authoritative,high
H4MS01078,W000437,authoritative,high
H4MS02068,T000193,authoritative,high
H4MT00050,R000103,authoritative,high
H4MT01041,Z000018,authoritative,high
H4MT02098,D000634,authoritative,high
H4NC01046,B001251,authoritative,high
H4NC05146,F000450,authoritative,high
H4NC06011,C000556,authoritative,high
H4NC06052,W000819,authoritative,high
H4NC06177,M001240,authoritative,high
H4NC08066,H001102,authoritative,high
H4NC09106,M001134,authoritative,high
H4NC10047,M001156,authoritative,high
H4NC12100,A000370,authoritative,high
H4NC13116,K000405,authoritative,high
H4NC14015,M001236,authoritative,high
H4ND00061,F000482,authoritative,high
H4NE01064,F000449,authoritative,high
H4NE02054,A000373,authoritative,high
H4NH02175,H001043,authoritative,high
H4NH02399,G000604,authoritative,high
H4NJ01084,N000188,authoritative,high
H4NJ03080,C001136,authoritative,high
H4NJ03130,M001193,authoritative,high
H4NJ09194,P000621,authoritative,high
H4NJ10176,M001229,authoritative,high
H4NJ12149,W000822,authoritative,high
H4NJ13022,S000097,authoritative,high
H4NV04017,H001070,authoritative,high
H4NY01055,F000257,authoritative,high
H4NY04075,R000602,authoritative,high
H4NY04158,G000602,authoritative_unverified,medium
H4NY07011,A000022,authoritative,high
H4NY11138,C001067,authoritative,high
H4NY16087,L000606,authoritative,high
H4NY19073,K000078,authoritative,high
H4NY21079,S001196,authoritative,high
H4NY22051,T000478,authoritative,high
H4NY22085,M001231,authoritative,high
H4NY24073,K000386,authoritative,high
H4NY26078,K000402,authoritative,high
H4NY27076,H001038,authoritative,high
H4NY29080,K000364,authoritative,high
H4OH02032,P000449,authoritative,high
H4OH02248,T000490,authoritative,high
H4OH06165,R000619,authoritative,high
H4OH17071,T000350,authoritative,high
H4OH18079,N000081,authoritative,high
H4OH19036,L000553,authoritative,high
H4OK01040,L000096,authoritative,high
H4OK02048,C000560,authoritative,high
H4OK02089,B001254,authoritative,high
H4OK04036,W000210,authoritative,high
H4OK05132,R000604,authoritative,high
H4OK06056,L000491,authoritative,high
H4OR03192,D000635,authoritative,high
H4OR05304,B001326,authoritative,high
H4PA07027,W000268,authoritative,high
H4PA08074,F000451,authoritative,high
H4PA08124,B001327,authoritative,high
H4PA13017,H001031,authoritative,high
H4PA13124,S001162,authoritative,high
H4PA13199,B001296,authoritative,high
H4PA15087,D000604,authoritative,high
H4PA18131,D000482,authoritative,high
H4PA21051,E000187,authoritative,high
H4PR00079,F000452,authoritative,high
H4PR01010,H001103,authoritative,high
H4RI01034,K000113,authoritative,high
H4RI01265,A000380,authoritative,high
H4SC01073,S000051,authoritative,high
H4SC01313,B001325,authoritative,high
H4SC03087,G000359,authoritative,high
H4TN04015,G000309,authoritative,high
H4TN04072,H000615,authoritative,high
H4TN06051,D000599,authoritative,high
H4TX02108,P000592,authoritative,high
H4TX04039,G000552,authoritative,high
H4TX04153,R000601,authoritative,high
H4TX06117,B000213,authoritative,high
H4TX09095,G000553,authoritative,high
H4TX10028,D000399,authoritative,high
H4TX10093,M001157,authoritative,high
H4TX12065,G000601,authoritative,high
H4TX13014,T000238,authoritative,high
H4TX18054,J000032,authoritative,high
H4TX18237,T000489,authoritative,high
H4TX18245,L000605,authoritative,high
H4TX19011,C000653,authoritative,high
H4TX19102,N000182,authoritative,high
H4TX19136,C001062,authoritative,high
H4TX22023,D000217,authoritative,high
H4TX24094,M001158,authoritative,high
H4TX25042,B000400,authoritative,high
H4TX26016,A000217,authoritative,high
H4TX26149,G000603,authoritative,high
H4TX28046,C001082,authoritative,high
H4TX32089,J000310,authoritative,high
H4UT02106,C000722,authoritative,high
H4UT02296,M001228,authoritative,high
H4UT03260,K000403,authoritative,high
H4VA02037,D000605,authoritative,high
H4VA04066,M001227,authoritative,high
H4VA07143,B001290,authoritative,high
H4VA07234,V000138,authoritative,high
H4VA08224,B001292,authoritative,high
H4VA10089,C001105,authoritative,high
H4VA10279,S001230,authoritative,high
H4VA11020,D000136,authoritative,high
H4VI00054,C000380,authoritative,high
H4WA04104,N000189,authoritative,high
H4WA05028,N000051,authoritative,high
H4WA05077,M001159,authoritative,high
H4WA05234,B001322,authoritative,high
H4WA06117,R000621,authoritative,high
H4WA08071,R000578,authoritative,high
H4WI04027,K000259,authoritative,high
H4WI04183,M001160,authoritative,high
H4WI06048,G000576,authoritative,high
H4WI08119,W000829,authoritative,high
H4WV02080,M001195,authoritative,high
H4WV02205,M001235,authoritative,high
H4WV03070,J000297,authoritative,high
H4WY00055,C000962,authoritative,high
H6AK00045,Y000033,authoritative,high
H6AL03058,R000258,authoritative,high
H6AL04098,A000055,authoritative,high
H6AR01072,B000420,authoritative,high
H6AR02203,S000672,authoritative,high
H6AR03011,H001014,authoritative,high
H6AZ01199,O000171,authoritative,high
H6AZ03112,S001044,authoritative,high
H6AZ05067,M001167,authoritative,high
H6AZ05083,B001302,authoritative,high
H6AZ07121,G000606,authoritative,high
H6AZ08038,G000554,authoritative,high
H6CA02010,H000528,authoritative,high
H6CA05195,M001163,authoritative,high
H6CA07043,M000725,authoritative,high
H6CA09023,S000810,authoritative,high
H6CA10088,T000057,authoritative,high
H6CA20152,P000613,authoritative,high
H6CA21028,G000021,authoritative,high
H6CA21135,M001177,authoritative_unverified,medium
H6CA22125,M001165,authoritative,high
H6CA24048,W000215,authoritative,high
H6CA24113,S000344,authoritative,high
H6CA24303,C001112,authoritative,high
H6CA27231,R000386,authoritative,high
H6CA34112,L000517,authoritative,high
H6CA37222,M000714,authoritative,high
H6CA39020,R000487,authoritative,high
H6CA42099,B001234,authoritative,high
H6CA44103,B001300,authoritative,high
H6CA46033,S000030,authoritative,high
H6CA46116,C001110,authoritative,high
H6CA48039,C001064,authoritative,high
H6CO01141,D000197,authoritative,high
H6CO03097,C000077,authoritative,high
H6CO03139,T000470,authoritative,high
H6CO04087,S000112,authoritative,high
H6CO05076,H000444,authoritative,high
H6CO05142,C001137,authoritative,high
H6CO05159,L000564,authoritative,high
H6CO07023,P000593,authoritative,high
H6CT05124,M001169,authoritative,high
H6DE00206,B001303,authoritative,high
H6FL00046,B000716,authoritative,high
H6FL00087,D000114,authoritative,high
H6FL01119,G000578,authoritative,high
H6FL01390,P000622,authoritative,high
H6FL02208,D000628,authoritative,high
H6FL04105,R000609,authoritative,high
H6FL06035,Y000031,authoritative,high
H6FL06258,F000484,authoritative,high
H6FL07140,M001202,authoritative,high
H6FL08213,G000556,authoritative,high
H6FL09070,B001257,authoritative,high
H6FL09179,S001200,authoritative,high
H6FL11126,C001066,authoritative,high
H6FL11134,C001066,authoritative_unverified,medium
H6FL13148,B001260,authoritative,high
H6FL13205,C001111,authoritative,high
H6FL16059,M001164,authoritative,high
H6FL18097,M001199,authoritative,high
H6FL19038,W000314,authoritative,high
H6FL19087,R000607,authoritative,high
H6FL22040,K000366,authoritative,high
H6GA03113,F000465,authoritative,high
H6GA04129,J000288,authoritative,high
H6GA05035,C000813,authoritative,high
H6GA05217,L000287,authoritative,high
H6HI01121,A000014,authoritative,high
H6HI02038,M000797,authoritative,high
H6HI02244,S001194,authoritative,high
H6HI02251,H001042,authoritative,high
H6IA01015,L000169,authoritative,high
H6IA01098,B001259,authoritative,high
H6IA02146,L000565,authoritative,high
H6IA03144,B000652,authoritative,high
H6ID01177,S001167,authoritative,high
H6IL02124,J000283,authoritative,high
H6IL06026,H001022,authoritative,high
H6IL06117,R000580,authoritative,high
H6IL06141,D000622,authoritative,high
H6IL08147,K000391,authoritative,high
H6IL12016,C000873,authoritative,high
H6IL14095,H000323,authoritative,high
H6IL17155,H001040,authoritative,high
H6IL18088,L000585,authoritative,high
H6IN03229,B001299,authoritative,high
H6IN07121,P000171,authoritative,high
H6IN08210,E000289,authoritative,high
H6IN09143,H001093,authoritative,high
H6IN09176,H001074,authoritative,high
H6IN10141,C000191,authoritative,high
H6KS01096,M000934,authoritative,high
H6KS01146,H001057,authoritative,high
H6KS01179,M001198,authoritative,high
H6KS02227,R000566,authoritative,high
H6KY01110,C001108,authoritative,high
H6KY03090,N000143,authoritative,high
H6KY03124,Y000062,authoritative,high
H6KY06085,F000441,authoritative,high
H6LA03148,H001077,authoritative,high
H6LA04138,J000299,authoritative,high
H6LA05093,C000735,authoritative,high
H6LA06083,B000072,authoritative,high
H6LA07024,B000780,authoritative,high
H6LA07131,J000110,authoritative,high
H6MA07101,M000133,authoritative,high
H6MA09032,M000834,authoritative,high
H6MD03177,C000141,authoritative,high
H6MD03292,S001168,authoritative,high
H6MD04183,E000290,authoritative,high
H6MD04209,B001304,authoritative,high
H6MD07020,M000687,authoritative,high
H6MD07160,C000984,authoritative,high
H6MD08457,R000606,authoritative,high
H6MD08549,T000483,authoritative,high
H6ME01157,A000357,authoritative,high
H6MI01028,C000714,authoritative,high
H6MI01226,B001301,authoritative,high
H6MI04113,U000031,authoritative,high
H6MI07108,K000172,authoritative,high
H6MI08163,S000770,authoritative,high
H6MI12017,B000619,authoritative,high
H6MI12181,M001150,authoritative,high
H6MI15127,K000180,authoritative,high
H6MI16034,D000355,authoritative,high
H6MN01174,W000799,authoritative,high
H6MN02131,C001119,authoritative,high
H6MN02149,L000587,authoritative,high
H6MN04103,V000087,authoritative,high
H6MN05183,E000288,authoritative,high
H6MN06074,B001256,authoritative,high
H6MN08047,O000006,authoritative,high
H6MN08112,G000367,authoritative,high
H6MO01022,C000488,authoritative,high
H6MO03119,G000132,authoritative,high
H6MO04141,S000465,authoritative,high
H6MO06039,D000046,authoritative,high
H6MO07128,B000575,authoritative,high
H6MO08084,E000172,authoritative,high
H6MS01131,K000388,authoritative,high
H6MS03046,P000323,authoritative,high
H6MT00014,H000605,authoritative,high
H6NC02080,E000226,authoritative,high
H6NC04037,P000523,authoritative,high
H6NC08111,K000369,authoritative,high
H6NC09200,H001102,authoritative,high
H6NC10117,B000104,authoritative,high
H6NC11172,S001171,authoritative,high
H6NC13129,B001305,authoritative,high
H6ND00074,C001096,authoritative,high
H6NE02125,B001298,authoritative,high
H6NE03115,S001172,authoritative,high
H6NH01230,S001170,authoritative,high
H6NJ05171,G000583,authoritative,high
H6NJ08118,P000096,authoritative,high
H6NJ09165,R000462,authoritative,high
H6NJ12136,L000567,authoritative,high
H6NJ12144,H001032,authoritative,high
H6NJ13191,S001165,authoritative,high
H6NV02032,G000152,authoritative,high
H6NV02164,H001041,authoritative,high
H6NV03139,R000608,authoritative,high
H6NV04020,L000590,authoritative,high
H6NY03031,S000480,authoritative,high
H6NY03247,S001201,authoritative,high
H6NY04112,M000309,authoritative,high
H6NY11174,D000625,authoritative,high
H6NY19029,R000053,authoritative,high
H6NY19144,H001039,authoritative,high
H6NY19169,F000464,authoritative,high
H6NY20167,G000555,authoritative,high
H6NY24128,A000363,authoritative,high
H6NY25125,M001171,authoritative,high
H6NY26016,G000212,authoritative,high
H6NY29168,M001173,authoritative,high
H6NY34069,H000814,authoritative,high
H6NY36015,L000556,authoritative,high
H6OH02086,S001164,authoritative,high
H6OH04082,J000289,authoritative,high
H6OH06038,S001004,authoritative,high
H6OH06095,W000801,authoritative,high
H6OH08315,D000626,authoritative,high
H6OH13133,S001174,authoritative,high
H6OH13158,S000094,authoritative,high
H6OH14040,S000094,authoritative,high
H6OH15104,K000372,authoritative,high
H6OH16029,R000141,authoritative,high
H6OH18157,S001173,authoritative,high
H6OH23033,K000336,authoritative,high
H6OK01102,I000024,authoritative,high
H6OK03074,W000194,authoritative,high
H6OK05160,F000453,authoritative,high
H6OR02116,W000791,authoritative,high
H6OR03064,B000574,authoritative,high
H6OR04047,D000191,authoritative,high
H6OR05069,H000762,authoritative,high
H6PA02171,E000296,authoritative,high
H6PA04110,A000362,authoritative,high
H6PA05091,P000263,authoritative,high
H6PA07105,S001169,authoritative,high
H6PA08194,M001168,authoritative,high
H6PA08277,F000466,authoritative,high
H6PA09051,S000394,authoritative,high
H6PA10109,C001065,authoritative,high
H6PA12030,M001120,authoritative,high
H6PA16197,P000373,authoritative,high
H6PA16320,S001199,authoritative,high
H6PA19043,G000291,authoritative,high
H6PR00082,G000582,authoritative,high
H6RI02151,W000315,authoritative,high
H6SC02043,S000718,authoritative,high
H6SD00044,J000177,authoritative,high
H6SD00085,T000250,authoritative,high
H6TN01180,J000082,authoritative,high
H6TN01313,D000606,authoritative,high
H6TN01388,R000582,authoritative,high
H6TN07161,V000139,authoritative,high
H6TN09043,F000262,authoritative,high
H6TN09068,C001068,authoritative,high
H6TX00115,R000170,authoritative,high
H6TX01162,S000044,authoritative,high
H6TX02079,B001291,authoritative,high
H6TX02095,T000424,authoritative,high
H6TX07029,A000215,authoritative,high
H6TX08100,B000755,authoritative,high
H6TX09033,L000043,authoritative,high
H6TX12060,G000377,authoritative,high
H6TX15055,H000636,authoritative,high
H6TX15162,G000581,authoritative,high
H6TX19099,A000375,authoritative,high
H6TX21012,S000583,authoritative,high
H6TX22101,P000583,authoritative,high
H6TX22143,S000937,authoritative,high
H6TX24057,F000392,authoritative,high
H6UT03042,C000116,authoritative,high
H6VA01117,S000185,authoritative,high
H6VA02057,P000326,authoritative,high
H6VA04061,M001200,authoritative,high
H6VA05068,G000280,authoritative,high
H6VA05142,G000580,authoritative,high
H6VA10050,W000672,authoritative,high
H6VA11066,W000831,authoritative,high
H6VT00053,J000072,authoritative,high
H6VT00160,W000800,authoritative,high
H6WA03135,B001229,authoritative,high
H6WA06021,D000327,authoritative,high
H6WA07458,J000298,authoritative,high
H6WA09025,S000510,authoritative,high
H6WI03099,K000188,authoritative,high
H6WI07033,O000007,authoritative,high
H6WI08122,K000365,authoritative,high
H6WI08155,G000579,authoritative,high
H6WV04057,R000011,authoritative,high
H6WY00159,C001109,authoritative,high
H8AL02130,B001264,authoritative,high
H8AL02171,M001212,authoritative,high
H8AL05109,G000557,authoritative,high
H8AZ01104,K000368,authoritative,high
H8AZ05097,S001183,authoritative_unverified,medium
H8AZ08158,L000589,authoritative,high
H8AZ09040,S001211,authoritative,high
H8CA01109,T000460,authoritative,high
H8CA03014,M000249,authoritative,high
H8CA03105,O000164,authoritative,high
H8CA04152,M001177,authoritative,high
H8CA05035,P000197,authoritative,high
H8CA09060,L000551,authoritative,high
H8CA10126,H001090,authoritative,high
H8CA10167,C001124,authoritative,high
H8CA12098,E000215,authoritative,high
H8CA12171,S001175,authoritative,high
H8CA18020,T000188,authoritative,high
H8CA20059,N000181,authoritative,high
H8CA22089,C001036,authoritative,high
H8CA25074,H001087,authoritative,high
H8CA28029,D000373,authoritative,high
H8CA34068,N000179,authoritative,high
H8CA34266,G000585,authoritative,high
H8CA35032,D000492,authoritative,high
H8CA36071,K000357,authoritative,high
H8CA36097,H001063,authoritative,high
H8CA37079,L000274,authoritative,high
H8CA37137,R000581,authoritative,high
H8CA39174,C001123,authoritative,high
H8CA39240,K000397,authoritative,high
H8CA40057,C000830,authoritative,high
H8CA41063,M001139,authoritative,high
H8CA42046,H000789,authoritative,high
H8CA42061,R000409,authoritative,high
H8CA44034,B001228,authoritative,high
H8CA45130,P000618,authoritative,high
H8CA48035,R000616,authoritative,high
H8CA49058,L000593,authoritative,high
H8CA49074,J000305,authoritative,high
H8CA52052,H001048,authoritative,high
H8CO02087,U000038,authoritative,high
H8CO02137,P000598,authoritative,high
H8CO02160,N000191,authoritative,high
H8CO04067,M001172,authoritative,high
H8CO06054,T000458,authoritative,high
H8CO06138,C001077,authoritative,high
H8CO06229,C001121,authoritative,high
H8CO07045,P000620,authoritative,high
H8CT01046,L000557,authoritative,high
H8CT04057,S001144,authoritative,high
H8CT04172,H001047,authoritative,high
H8CT05245,H001081,authoritative,high
H8FL06056,S000822,authoritative,high
H8FL06148,W000823,authoritative,high
H8FL13037,G000336,authoritative,high
H8FL15107,P000599,authoritative,high
H8FL15230,S001210,authoritative,high
H8FL16022,R000583,authoritative,high
H8FL17053,S001214,authoritative,high
H8FL20032,C001127,authoritative,high
H8FL22038,W000807,authoritative,high
H8FL24026,K000370,authoritative,high
H8FL25015,G000573,authoritative,high
H8FL26039,M001207,authoritative,high
H8FL27185,S000168,authoritative,high
H8FL27193,S001206,authoritative,high
H8GA06146,I000055,authoritative,high
H8GA06195,O000174,authoritative,high
H8GA06286,H001078,authoritative,high
H8GA06393,M001208,authoritative,high
H8GA07201,B001312,authoritative,high
H8GA10049,B001262,authoritative,high
H8GU01020,S001204,authoritative,high
H8IA01094,F000467,authoritative,high
H8IA02043,M001215,authoritative,high
H8IA03124,A000378,authoritative,high
H8ID01090,M001175,authoritative,high
H8ID01124,F000469,authoritative,high
H8ID02064,S001148,authoritative,high
H8IL03102,N000192,authoritative,high
H8IL04134,G000586,authoritative,high
H8IL06139,C001117,authoritative,high
H8IL09067,S001145,authoritative,high
H8IL10016,P000444,authoritative,high
H8IL11113,H001044,authoritative,high
H8IL13051,R000580,authoritative_unverified,medium
H8IL13069,B001232,authoritative,high
H8IL14067,F000454,authoritative,high
H8IL14174,U000040,authoritative,high
H8IL18043,S001179,authoritative,high
H8IL19066,P000584,authoritative,high
H8IL21021,C000794,authoritative,high
H8IN02060,P000587,authoritative,high
H8IN04199,B001307,authoritative,high
H8IN06129,P000615,authoritative,high
H8IN07184,C001072,authoritative,high
H8IN09032,H001030,authoritative,high
H8KS02090,J000290,authoritative,high
H8KS02199,W000824,authoritative,high
H8KS03049,M001140,authoritative,high
H8KS03155,D000629,authoritative,high
H8KS04112,E000298,authoritative,high
H8KY00035,L000558,authoritative,high
H8KY02031,G000558,authoritative,high
H8LA00017,C001075,authoritative,high
H8LA02054,R000588,authoritative,high
H8LA02112,C001079,authoritative,high
H8LA04134,M000388,authoritative,high
H8LA04225,F000456,authoritative,high
H8LA06022,C001073,authoritative,high
H8MA02041,N000015,authoritative,high
H8MA03106,T000482,authoritative,high
H8MA05143,T000465,authoritative,high
H8MA07032,P000617,authoritative,high
H8MA08071,C001037,authoritative,high
H8MD01037,G000180,authoritative,high
H8MD01086,K000371,authoritative,high
H8MD01094,H001052,authoritative,high
H8ME01120,P000597,authoritative,high
H8ME02185,G000592,authoritative,high
H8MI07096,S001178,authoritative,high
H8MI08102,S001208,authoritative,high
H8MI09068,P000595,authoritative,high
H8MI09118,L000592,authoritative,high
H8MI11254,S001215,authoritative,high
H8MI13243,J000303,authoritative,high
H8MI13250,T000481,authoritative,high
H8MN03077,P000594,authoritative,high
H8MN03143,P000616,authoritative,high
H8MN05023,S000005,authoritative,high
H8MN05239,O000173,authoritative,high
H8MN06047,K000363,authoritative,high
H8MN08043,S001212,authoritative,high
H8MO01143,B001224,authoritative,high
H8MO09146,O000177,authoritative,high
H8MO09153,L000569,authoritative,high
H8MP00041,S001177,authoritative,high
H8MS01061,C001074,authoritative,high
H8MS03067,H001045,authoritative,high
H8MS03125,G000591,authoritative,high
H8MS05047,T000074,authoritative,high
H8MT01182,G000584,authoritative,high
H8NC07044,M000485,authoritative,high
H8NC08042,H001029,authoritative,high
H8NC11038,T000067,authoritative,high
H8NC13067,M001135,authoritative,high
H8ND00096,A000377,authoritative,high
H8NE01016,B000403,authoritative,high
H8NE02139,T000459,authoritative,high
H8NH01210,P000614,authoritative,high
H8NJ02166,V000133,authoritative,high
H8NJ03073,P000034,authoritative,high
H8NJ03156,A000364,authoritative,high
H8NJ03206,K000394,authoritative,high
H8NJ04014,S000522,authoritative,high
H8NJ05052,G000548,authoritative,high
H8NJ06118,F000443,authoritative,high
H8NJ07017,R000465,authoritative,high
H8NJ07124,L000567,authoritative_unverified,medium
H8NJ07223,M001203,authoritative,high
H8NJ11142,S001207,authoritative,high
H8NM01174,W000789,authoritative,high
H8NM01224,H001046,authoritative,high
H8NM01257,L000580,authoritative,high
H8NM01331,H001080,authoritative,high
H8NM02032,T000466,authoritative,high
H8NM02156,H001084,authoritative,high
H8NM02248,T000484,authoritative,high
H8NM03097,U000039,authoritative,high
H8NM03196,L000570,authoritative,high
H8NV01071,B001231,authoritative,high
H8NV03036,T000468,authoritative,high
H8NY01148,Z000017,authoritative,high
H8NY06048,M001137,authoritative,high
H8NY07046,C001038,authoritative,high
H8NY09091,W000792,authoritative,high
H8NY11113,R000613,authoritative,high
H8NY13028,F000440,authoritative,high
H8NY13077,M001174,authoritative,high
H8NY15148,O000172,authoritative,high
H8NY19058,E000179,authoritative,high
H8NY19181,D000630,authoritative,high
H8NY19223,R000579,authoritative,high
H8NY20056,L000480,authoritative,high
H8NY21203,T000469,authoritative,high
H8NY22045,S001149,authoritative,high
H8NY22151,B001308,authoritative,high
H8NY22177,R000622,authoritative,high
H8NY23084,M000590,authoritative,high
H8NY24066,H001051,authoritative,high
H8NY25105,M001206,authoritative,high
H8NY26095,L000568,authoritative,high
H8NY27036,W000099,authoritative,high
H8NY27077,R000569,authoritative,high
H8NY29032,C001092,authoritative,high
H8OH01043,C000266,authoritative,high
H8OH01068,D000609,authoritative,high
H8OH03015,H000074,authoritative,high
H8OH05036,L000566,authoritative,high
H8OH05044,G000210,authoritative,high
H8OH07065,A000365,authoritative,high
H8OH11067,J000284,authoritative,high
H8OH11141,F000455,authoritative,high
H8OH12180,B001306,authoritative,high
H8OH15076,S001187,authoritative,high
H8OH16058,B001263,authoritative,high
H8OH16124,G000588,authoritative,high
H8OK01157,H001082,authoritative,high
H8OK05109,H001083,authoritative,high
H8OR01072,W000793,authoritative,high
H8OR05107,S001180,authoritative,high
H8PA01153,B001227,authoritative,high
H8PA03084,D000608,authoritative,high
H8PA04116,D000631,authoritative,high
H8PA04132,H001031,authoritative,high
H8PA05071,T000467,authoritative,high
H8PA06087,H001085,authoritative,high
H8PA07200,S001205,authoritative,high
H8PA10055,S001146,authoritative,high
H8PA10147,M001204,authoritative,high
H8PA13125,J000302,authoritative,high
H8PA15096,T000461,authoritative,high
H8PA15195,M001230,authoritative,high
H8PA15229,W000826,authoritative,high
H8PA18181,L000588,authoritative,high
H8PA18199,R000610,authoritative,high
H8PR00062,P000596,authoritative,high
H8SC01116,C001122,authoritative,high
H8SC04250,T000480,authoritative,high
H8SC05158,N000190,authoritative,high
H8SD01014,D000064,authoritative,high
H8SD01055,J000301,authoritative,high
H8TN00022,B000996,authoritative,high
H8TN02069,D000533,authoritative,high
H8TN02119,B001309,authoritative,high
H8TN06094,R000612,authoritative,high
H8TN07076,G000590,authoritative,high
H8TN08033,T000038,authoritative,high
H8TX02166,C001120,authoritative,high
H8TX03123,T000479,authoritative,high
H8TX05144,G000589,authoritative,high
H8TX06027,G000365,authoritative,high
H8TX06035,E000063,authoritative,high
H8TX06233,W000827,authoritative,high
H8TX06266,E000071,authoritative,high
H8TX07140,F000468,authoritative,high
H8TX16109,E000299,authoritative,high
H8TX17081,S000851,authoritative,high
H8TX20077,G000544,authoritative,high
H8TX21307,R000614,authoritative,high
H8TX22107,O000168,authoritative,high
H8TX27049,C001115,authoritative,high
H8TX28013,R000568,authoritative,high
H8TX29052,G000587,authoritative,high
H8TX32098,A000376,authoritative,high
H8UT03089,C001076,authoritative,high
H8UT03238,C001114,authoritative,high
H8UT04053,M001209,authoritative,high
H8VA01147,W000804,authoritative,high
H8VA02046,N000183,authoritative,high
H8VA02111,L000591,authoritative,high
H8VA05106,P000600,authoritative,high
H8VA05171,R000611,authoritative,high
H8VA06104,C001118,authoritative,high
H8VA07094,S001209,authoritative,high
H8VA10106,W000825,authoritative,high
H8VA11062,C001078,authoritative,high
H8VT00034,W000800,authoritative,high
H8VT01016,S000033,authoritative,high
H8WA07132,M000404,authoritative,high
H8WA08189,S001216,authoritative,high
H8WI00018,B001230,authoritative,high
H8WI00026,G000545,authoritative,high
H8WI01024,R000570,authoritative,high
H8WI01156,S001213,authoritative,high
H8WI09050,S000244,authoritative,high
H8WV03097,M001205,authoritative,high
H8WY00106,T000162,authoritative,high
H8WY00148,L000571,authoritative,high
P00003483,L000550,authoritative,high
P00003806,H000338,authoritative,high
P20000741,H000206,authoritative,high
P20002978,B001256,authoritative,high
P60003225,A000360,authoritative,high
P80002801,M000303,authoritative,high
P80003023,W000805,authoritative,high
P80003247,B000711,authoritative,high
P80005721,M001170,authoritative,high
S0AK00063,M001085,authoritative,high
S0AL00156,J000300,authoritative,high
S0AL00230,T000278,authoritative,high
S0AR00028,P000590,authoritative,high
S0AR00150,B001236,authoritative,high
S0AZ00251,H000413,authoritative,high
S0AZ00350,K000377,authoritative,high
S0CA00199,F000062,authoritative,high
S0CO00120,C000077,authoritative,high
S0CO00211,B001267,authoritative,high
S0CO00237,B001297,authoritative,high
S0CO00575,H000273,authoritative,high
S0CT00037,D000388,authoritative,high
S0CT00177,B001277,authoritative,high
S0DE00092,C001088,authoritative,high
S0FL00338,R000595,authoritative,high
S0FL00403,B000911,authoritative,high
S0GA00526,L000594,authoritative,high
S0GA00559,W000790,authoritative,high
S0HI00084,A000069,authoritative,high
S0IA00028,G000386,authoritative,high
S0IA00077,G000041,authoritative,high
S0ID00057,C000858,authoritative,high
S0IL00261,K000360,authoritative,high
S0IN00053,C000542,authoritative,high
S0IN00095,S001188,authoritative,high
S0IN00137,H000807,authoritative,high
S0KS00091,M000934,authoritative,high
S0KS00315,M001198,authoritative,high
S0KY00156,P000603,authoritative,high
S0MA00083,L000562,authoritative,high
S0MA00109,B001268,authoritative,high
S0MA00117,C001037,authoritative,high
S0ME00038,P000597,authoritative,high
S0MN00013,W000288,authoritative,high
S0MN00120,M000795,authoritative,high
S0MO00183,B000575,authoritative,high
S0ND00093,H001061,authoritative,high
S0NH00144,S000606,authoritative,high
S0NH00201,S001078,authoritative,high
S0NH00219,S001181,authoritative,high
S0NH00235,A000368,authoritative,high
S0NM00041,P000588,authoritative,high
S0NM00058,L000570,authoritative,high
S0NV00237,A000369,authoritative,high
S0NY00188,C001041,authoritative,high
S0NY00303,L000155,authoritative,high
S0NY00410,G000555,authoritative,high
S0OH00133,P000449,authoritative,high
S0OK00107,N000102,authoritative,high
S0SC00149,G000359,authoritative,high
S0TN00169,H000601,authoritative,high
S0UT00165,L000577,authoritative,high
S0UT00199,C000722,authoritative,high
S0WA00019,G000333,authoritative,high
S0WI00197,J000293,authoritative,high
S0WV00090,M001183,authoritative,high
S0WY00137,L000571,authoritative,high
S2AK00010,S000888,authoritative,high
S2AL00145,B001319,authoritative,high
S2AZ00141,F000444,authoritative,high
S2CA00286,B000711,authoritative,high
S2CA00302,M000249,authoritative,high
S2CA00351,C000100,authoritative,high
S2CA00955,P000145,authoritative,high
S2CT00132,M001169,authoritative,high
S2FL00227,L000572,authoritative,high
S2GA00035,C000813,authoritative,high
S2GA00100,G000550,authoritative,high
S2GA00118,C000286,authoritative,high
S2HI00106,H001042,authoritative,high
S2IN00091,D000607,authoritative,high
S2KY00012,M000355,authoritative,high
S2LA00044,C000735,authoritative,high
S2MA00170,W000817,authoritative,high
S2ME00109,K000383,authoritative,high
S2ME00158,P000611,authoritative,high
S2MN00126,C001057,authoritative,high
S2MO00353,T000024,authoritative,high
S2MO00544,S001227,authoritative,high
S2MT00096,D000618,authoritative,high
S2NC00083,D000601,authoritative,high
S2NC00505,B001305,authoritative,high
S2ND00040,D000432,authoritative,high
S2ND00099,H001069,authoritative,high
S2NE00094,F000463,authoritative,high
S2NH00025,G000445,authoritative,high
S2NJ00080,L000123,authoritative,high
S2NM00021,B000468,authoritative,high
S2NM00088,H001046,authoritative,high
S2NV00183,H001041,authoritative,high
S2OH00113,D000294,authoritative,high
S2OH00436,V000137,authoritative,high
S2OK00186,M001190,authoritative,high
S2PA00661,M001243,authoritative,high
S2SD00068,T000250,authoritative,high
S2TN00041,B000996,authoritative,high
S2TN00058,A000360,authoritative,high
S2TN00066,C000503,authoritative,high
S2TX00106,C001056,authoritative,high
S2TX00122,B000400,authoritative,high
S2TX00270,W000816,authoritative,high
S2TX00312,C001098,authoritative,high
S2UT00104,B000382,authoritative,high
S2UT00427,H000172,authoritative,high
S2VA00050,P000326,authoritative,high
S2VA00142,K000384,authoritative,high
S2VT00235,W000800,authoritative,high
S2WA00189,M001111,authoritative,high
S2WI00219,B001230,authoritative,high
S4AK00099,M001153,authoritative,high
S4AK00214,S001198,authoritative,high
S4AR00103,C001095,authoritative,high
S4AZ00030,K000352,authoritative,high
S4AZ00139,G000574,authoritative,high
S4CA00555,S001150,authoritative,high
S4CO00163,S001163,authoritative,high
S4CO00395,G000562,authoritative,high
S4DE00060,B001303,authoritative,high
S4FL00207,D000275,authoritative,high
S4FL00231,F000238,authoritative,high
S4FL00256,W000806,authoritative,high
S4FL00298,M001162,authoritative,high
S4GA11053,C000640,authoritative,high
S4GA11285,P000612,authoritative,high
S4HI00011,I000025,authoritative,high
S4HI00136,S001194,authoritative,high
S4HI00144,H001050,authoritative,high
S4IA00020,H000206,authoritative,high
S4IA00087,B001259,authoritative,high
S4IA00103,Y000066,authoritative,high
S4IA00129,E000295,authoritative,high
S4IL00057,B001266,authoritative,high
S4IL00180,O000167,authoritative,high
S4IN00014,L000504,authoritative,high
S4IN00196,B001299,authoritative,high
S4LA00040,J000110,authoritative,high
S4LA00057,V000127,authoritative,high
S4LA00065,K000393,authoritative,high
S4LA00107,C001075,authoritative,high
S4MA00028,M000133,authoritative,high
S4MA00069,K000148,authoritative,high
S4MA00143,R000615,authoritative,high
S4MD00327,A000382,authoritative,high
S4ME00055,S000663,authoritative,high
S4MI00165,A000355,authoritative,high
S4MI00355,P000595,authoritative,high
S4MI00470,S001208,authoritative,high
S4MN00163,G000536,authoritative,high
S4MN00213,G000367,authoritative,high
S4MO00037,A000356,authoritative,high
S4MT00118,W000818,authoritative,high
S4MT00183,S001232,authoritative,high
S4NC00089,B001135,authoritative,high
S4NC00162,T000476,authoritative,high
S4NE00090,S001197,authoritative,high
S4NJ00185,B001288,authoritative,high
S4NJ00466,K000394,authoritative,high
S4OH00192,M001242,authoritative,high
S4OK00083,I000024,authoritative,high
S4OK00174,C000560,authoritative,high
S4OK00232,L000575,authoritative,high
S4PA00063,S000059,authoritative,high
S4PA00121,T000461,authoritative,high
S4PA00147,H001031,authoritative,high
S4SC00018,H000725,authoritative,high
S4SC00083,D000595,authoritative,high
S4SC00240,S001184,authoritative,high
S4SD00049,R000605,authoritative,high
S4TN00096,C000754,authoritative,high
S4TN00138,T000457,authoritative,high
S4TN00153,F000439,authoritative,high
S4TN00187,C001071,authoritative,high
S4TX00086,H001016,authoritative,high
S4TX00094,B000213,authoritative,high
S4UT00282,C001114,authoritative,high
S4VT00017,L000174,authoritative,high
S4VT00033,S000033,authoritative,high
S4WA00458,N000051,authoritative,high
S4WV00027,R000361,authoritative,high
S4WV00159,C001047,authoritative,high
S4WV00332,J000312,authoritative,high
S4WY00055,T000162,authoritative,high
S6AL00013,S000320,authoritative,high
S6AL00195,S001141,authoritative,high
S6AR00017,H001014,authoritative,high
S6AR00116,D000312,authoritative,high
S6AR00124,H001015,authoritative,high
S6AZ00019,M000303,authoritative,high
S6CA00584,H001075,authoritative,high
S6CO00168,A000109,authoritative,high
S6DE00016,R000460,authoritative,high
S6FL00020,G000352,authoritative,high
S6FL00640,M001244,authoritative,high
S6GA00101,B001262,authoritative,high
S6GA00119,I000055,authoritative,high
S6GA00127,C001034,authoritative,high
S6IL00110,C000873,authoritative,high
S6IL00151,D000563,authoritative,high
S6IL00292,D000622,authoritative,high
S6IN00191,Y000064,authoritative,high
S6KS00080,R000307,authoritative,high
S6KS00122,B000953,authoritative,high
S6LA00037,B000780,authoritative,high
S6LA00227,L000550,authoritative,high
S6MA00015,K000105,authoritative,high
S6MD00066,S000064,authoritative,high
S6MD00140,M000702,authoritative,high
S6MD03177,C000141,authoritative,high
S6MD03185,M000687,authoritative,high
S6MD03441,V000128,authoritative,high
S6ME00159,C001035,authoritative,high
S6MN00267,K000367,authoritative,high
S6MO00289,B000611,authoritative,high
S6MO00305,M001170,authoritative,high
S6MT00162,T000464,authoritative,high
S6ND00058,C000705,authoritative,high
S6NE00087,H001028,authoritative,high
S6NE00095,N000180,authoritative,high
S6NE00129,R000618,authoritative,high
S6NH00091,H001076,authoritative,high
S6NJ00172,T000317,authoritative,high
S6NJ00263,P000034,authoritative,high
S6NJ00289,M000639,authoritative,high
S6NV00028,R000146,authoritative,high
S6NV00200,C001113,authoritative,high
S6NY00052,M001054,authoritative,high
S6OH00163,B000944,authoritative,high
S6OH00254,S001004,authoritative,high
S6OH00304,H001104,authoritative,high
S6OR00094,S001142,authoritative,high
S6OR00110,W000779,authoritative,high
S6OR00151,D000191,authoritative,high
S6PA00100,S000709,authoritative,high
S6PA00217,C001070,authoritative,high
S6PA00274,F000479,authoritative,high
S6RI00163,R000122,authoritative,high
S6RI00221,W000802,authoritative,high
S6SD00028,D000064,authoritative,high
S6SD00051,J000177,authoritative,high
S6TN00216,C001071,authoritative,high
S6TN00240,F000262,authoritative,high
S6TX00040,G000365,authoritative,high
S6UT00063,H000338,authoritative,high
S6VA00093,W000805,authoritative,high
S6VA00127,W000803,authoritative,high
S6WI00061,K000305,authoritative,high
S6WV00014,B001210,authoritative,high
S6WY00068,B001261,authoritative,high
S6WY00126,E000285,authoritative,high
S8AK00090,B001265,authoritative,high
S8AL00308,S001202,authoritative,high
S8AR00112,L000035,authoritative,high
S8AZ00197,S001191,authoritative,high
S8AZ00221,M001197,authoritative,high
S8CA00135,I000056,authoritative,high
S8CO00164,M000477,authoritative,high
S8CO00172,U000038,authoritative,high
S8CT00022,L000304,authoritative,high
S8DE00012,B000444,authoritative,high
S8DE00079,C000174,authoritative,high
S8FL00034,M000019,authoritative,high
S8FL00075,M000350,authoritative,high
S8FL00166,N000032,authoritative,high
S8FL00273,S001217,authoritative,high
S8GA00180,O000174,authoritative,high
S8ID00027,C000880,authoritative,high
S8ID00092,R000584,authoritative,high
S8IL00082,F000442,authoritative,high
S8IN00049,B001233,authoritative,high
S8IN00171,B001310,authoritative,high
S8KY00118,B001066,authoritative,high
S8MI00158,L000261,authoritative,high
S8MI00281,S000770,authoritative,high
S8MN00438,F000457,authoritative,high
S8MN00578,S001203,authoritative,high
S8MO00160,H001089,authoritative,high
S8MS00055,C000567,authoritative,high
S8MS00162,L000447,authoritative,high
S8MS00196,W000437,authoritative,high
S8MS00204,S001147,authoritative,high
S8MS00261,H001079,authoritative,high
S8MT00010,B000243,authoritative,high
S8MT00119,B001126,authoritative,high
S8NC00015,H000463,authoritative,high
S8NC00122,E000286,authoritative,high
S8NC00239,H001049,authoritative,high
S8ND00120,C001096,authoritative,high
S8NE00067,K000146,authoritative,high
S8NE00117,J000291,authoritative,high
S8NJ00335,F000349,authoritative,high
S8NJ00392,A000210,authoritative,high
S8NM00010,D000407,authoritative,high
S8NM00184,U000039,authoritative,high
S8NV00016,B000993,authoritative,high
S8NV00073,E000194,authoritative,high
S8NV00156,R000608,authoritative,high
S8NY00082,S000148,authoritative,high
S8OH00011,V000126,authoritative,high
S8OR00207,M001176,authoritative,high
S8PA00163,S001162,authoritative,high
S8PA00171,K000270,authoritative,high
S8RI00086,W000315,authoritative,high
S8RI00102,C001040,authoritative,high
S8SC00019,T000254,authoritative,high
S8TN00337,B001243,authoritative,high
S8UT00176,R000615,authoritative,high
S8VA00107,W000154,authoritative,high
S8VA00156,R000295,authoritative,high
S8VT00018,J000072,authoritative,high
S8WA00194,C000127,authoritative,high
S8WI00026,F000061,authoritative,high
